{
  "hash": "19d8296a",
  "configHash": "7f52b2c8",
  "lockfileHash": "ac9a7951",
  "browserHash": "0662164f",
  "optimized": {
    "@angular/core": {
      "src": "../../../../../../node_modules/@angular/core/fesm2022/core.mjs",
      "file": "@angular_core.js",
      "fileHash": "bef95a48",
      "needsInterop": false
    },
    "@angular/platform-browser": {
      "src": "../../../../../../node_modules/@angular/platform-browser/fesm2022/platform-browser.mjs",
      "file": "@angular_platform-browser.js",
      "fileHash": "67559e7c",
      "needsInterop": false
    },
    "@angular/router": {
      "src": "../../../../../../node_modules/@angular/router/fesm2022/router.mjs",
      "file": "@angular_router.js",
      "fileHash": "cbe9f4da",
      "needsInterop": false
    }
  },
  "chunks": {
    "chunk-MJZZGKEC": {
      "file": "chunk-MJZZGKEC.js"
    },
    "chunk-WO4GTBY6": {
      "file": "chunk-WO4GTBY6.js"
    }
  }
}